<pretty-config xmlns="http://ocpsoft.org/schema/rewrite-config-prettyfaces"
               xmlns:xsi="http://www.w3.org/2001/XMLSchema-instance"
               xsi:schemaLocation="http://ocpsoft.org/schema/rewrite-config-prettyfaces
                      http://ocpsoft.org/xml/ns/prettyfaces/rewrite-config-prettyfaces.xsd">

    <url-mapping id="register">
        <pattern value="/register"/>
        <view-id value="/faces/views/register.xhtml"/>
    </url-mapping>

    <url-mapping id="login">
        <pattern value="/login"/>
        <view-id value="/faces/views/login.xhtml"/>
    </url-mapping>

    <url-mapping id="index">
        <pattern value="/index"/>
        <view-id value="/faces/views/index.xhtml"/>
    </url-mapping>

    <url-mapping id="home">
        <pattern value="/home"/>
        <view-id value="/faces/views/home.xhtml"/>
    </url-mapping>

    <url-mapping id="details">
        <pattern value="/details/#{id}"/>
        <view-id value="/faces/views/details.xhtml"/>
    </url-mapping>

    <url-mapping id="print">
        <pattern value="/print/#{id}"/>
        <view-id value="/faces/views/print.xhtml"/>
    </url-mapping>

</pretty-config>